[{"model": "admin.logentry", "pk": 1, "fields": {"action_time": "2021-06-09T13:27:49.597Z", "user": 1, "content_type": 7, "object_id": "1", "object_repr": "leafjewellery.example.com", "action_flag": 2, "change_message": "[{\"changed\": {\"fields\": [\"Domain name\", \"Display name\"]}}]"}}, {"model": "admin.logentry", "pk": 2, "fields": {"action_time": "2021-06-09T13:39:53.637Z", "user": 1, "content_type": 8, "object_id": "1", "object_repr": "lauroslapai1@gmail.com", "action_flag": 1, "change_message": "[{\"added\": {}}]"}}, {"model": "admin.logentry", "pk": 3, "fields": {"action_time": "2021-06-15T17:40:27.251Z", "user": 1, "content_type": 13, "object_id": "1", "object_repr": "Tribal Bracelets", "action_flag": 1, "change_message": "[{\"added\": {}}]"}}, {"model": "admin.logentry", "pk": 4, "fields": {"action_time": "2021-06-15T17:40:54.517Z", "user": 1, "content_type": 13, "object_id": "2", "object_repr": "Tribal Necklaces", "action_flag": 1, "change_message": "[{\"added\": {}}]"}}, {"model": "admin.logentry", "pk": 5, "fields": {"action_time": "2021-06-15T17:41:12.547Z", "user": 1, "content_type": 13, "object_id": "3", "object_repr": "Tribal Rings", "action_flag": 1, "change_message": "[{\"added\": {}}]"}}, {"model": "admin.logentry", "pk": 6, "fields": {"action_time": "2021-06-15T17:41:30.719Z", "user": 1, "content_type": 13, "object_id": "4", "object_repr": "Bracelets", "action_flag": 1, "change_message": "[{\"added\": {}}]"}}, {"model": "admin.logentry", "pk": 7, "fields": {"action_time": "2021-06-15T17:41:47.064Z", "user": 1, "content_type": 13, "object_id": "5", "object_repr": "Necklaces", "action_flag": 1, "change_message": "[{\"added\": {}}]"}}, {"model": "admin.logentry", "pk": 8, "fields": {"action_time": "2021-06-15T17:42:03.501Z", "user": 1, "content_type": 13, "object_id": "6", "object_repr": "Earrings", "action_flag": 1, "change_message": "[{\"added\": {}}]"}}, {"model": "admin.logentry", "pk": 9, "fields": {"action_time": "2021-06-15T17:42:27.458Z", "user": 1, "content_type": 13, "object_id": "7", "object_repr": "Tribal Earrings", "action_flag": 1, "change_message": "[{\"added\": {}}]"}}, {"model": "admin.logentry", "pk": 10, "fields": {"action_time": "2021-06-15T17:42:56.386Z", "user": 1, "content_type": 13, "object_id": "8", "object_repr": "Boho Earrings", "action_flag": 1, "change_message": "[{\"added\": {}}]"}}, {"model": "admin.logentry", "pk": 11, "fields": {"action_time": "2021-06-15T17:43:17.328Z", "user": 1, "content_type": 13, "object_id": "9", "object_repr": "Chain Necklaces", "action_flag": 1, "change_message": "[{\"added\": {}}]"}}, {"model": "admin.logentry", "pk": 12, "fields": {"action_time": "2021-06-15T17:44:11.085Z", "user": 1, "content_type": 13, "object_id": "3", "object_repr": "Tribal Rings", "action_flag": 2, "change_message": "[{\"changed\": {\"fields\": [\"Friendly name\"]}}]"}}, {"model": "admin.logentry", "pk": 13, "fields": {"action_time": "2021-06-15T18:06:41.780Z", "user": 1, "content_type": 14, "object_id": "1", "object_repr": "Tribal Bracelet Green", "action_flag": 1, "change_message": "[{\"added\": {}}]"}}, {"model": "admin.logentry", "pk": 14, "fields": {"action_time": "2021-06-15T18:09:30.619Z", "user": 1, "content_type": 14, "object_id": "2", "object_repr": "Tribal Bracelet Gray", "action_flag": 1, "change_message": "[{\"added\": {}}]"}}, {"model": "admin.logentry", "pk": 15, "fields": {"action_time": "2021-06-15T18:14:42.668Z", "user": 1, "content_type": 14, "object_id": "3", "object_repr": "Tribal Bracelet Blue", "action_flag": 1, "change_message": "[{\"added\": {}}]"}}, {"model": "admin.logentry", "pk": 16, "fields": {"action_time": "2021-06-16T10:35:18.794Z", "user": 1, "content_type": 14, "object_id": "4", "object_repr": "Bracelet Blue", "action_flag": 1, "change_message": "[{\"added\": {}}]"}}, {"model": "admin.logentry", "pk": 17, "fields": {"action_time": "2021-06-16T10:36:54.602Z", "user": 1, "content_type": 14, "object_id": "5", "object_repr": "Black White", "action_flag": 1, "change_message": "[{\"added\": {}}]"}}, {"model": "admin.logentry", "pk": 18, "fields": {"action_time": "2021-06-16T10:38:09.981Z", "user": 1, "content_type": 14, "object_id": "6", "object_repr": "Grey Stone", "action_flag": 1, "change_message": "[{\"added\": {}}]"}}, {"model": "admin.logentry", "pk": 19, "fields": {"action_time": "2021-06-16T10:39:28.895Z", "user": 1, "content_type": 14, "object_id": "7", "object_repr": "Red Heart", "action_flag": 1, "change_message": "[{\"added\": {}}]"}}, {"model": "admin.logentry", "pk": 20, "fields": {"action_time": "2021-06-16T10:40:33.193Z", "user": 1, "content_type": 14, "object_id": "8", "object_repr": "Yellow", "action_flag": 1, "change_message": "[{\"added\": {}}]"}}, {"model": "admin.logentry", "pk": 21, "fields": {"action_time": "2021-06-16T10:41:53.482Z", "user": 1, "content_type": 14, "object_id": "9", "object_repr": "Grey Sun", "action_flag": 1, "change_message": "[{\"added\": {}}]"}}, {"model": "admin.logentry", "pk": 22, "fields": {"action_time": "2021-06-16T10:43:18.698Z", "user": 1, "content_type": 14, "object_id": "10", "object_repr": "Stone", "action_flag": 1, "change_message": "[{\"added\": {}}]"}}, {"model": "admin.logentry", "pk": 23, "fields": {"action_time": "2021-06-16T10:44:33.572Z", "user": 1, "content_type": 14, "object_id": "11", "object_repr": "Blue", "action_flag": 1, "change_message": "[{\"added\": {}}]"}}, {"model": "admin.logentry", "pk": 24, "fields": {"action_time": "2021-06-16T10:45:49.200Z", "user": 1, "content_type": 14, "object_id": "12", "object_repr": "Red", "action_flag": 1, "change_message": "[{\"added\": {}}]"}}, {"model": "admin.logentry", "pk": 25, "fields": {"action_time": "2021-06-16T10:47:12.241Z", "user": 1, "content_type": 14, "object_id": "13", "object_repr": "Assimetric", "action_flag": 1, "change_message": "[{\"added\": {}}]"}}, {"model": "admin.logentry", "pk": 26, "fields": {"action_time": "2021-06-16T10:48:44.931Z", "user": 1, "content_type": 14, "object_id": "14", "object_repr": "Assimetric Blue", "action_flag": 1, "change_message": "[{\"added\": {}}]"}}, {"model": "admin.logentry", "pk": 27, "fields": {"action_time": "2021-06-16T11:14:57.915Z", "user": 1, "content_type": 14, "object_id": "15", "object_repr": "Boho Blue", "action_flag": 1, "change_message": "[{\"added\": {}}]"}}, {"model": "admin.logentry", "pk": 28, "fields": {"action_time": "2021-06-16T11:16:02.720Z", "user": 1, "content_type": 14, "object_id": "16", "object_repr": "Boho Red", "action_flag": 1, "change_message": "[{\"added\": {}}]"}}, {"model": "admin.logentry", "pk": 29, "fields": {"action_time": "2021-06-16T11:17:29.493Z", "user": 1, "content_type": 14, "object_id": "17", "object_repr": "Long Yellow", "action_flag": 1, "change_message": "[{\"added\": {}}]"}}, {"model": "admin.logentry", "pk": 30, "fields": {"action_time": "2021-06-16T11:18:38.218Z", "user": 1, "content_type": 14, "object_id": "18", "object_repr": "Bird", "action_flag": 1, "change_message": "[{\"added\": {}}]"}}, {"model": "admin.logentry", "pk": 31, "fields": {"action_time": "2021-06-16T11:19:47.858Z", "user": 1, "content_type": 14, "object_id": "19", "object_repr": "Brown", "action_flag": 1, "change_message": "[{\"added\": {}}]"}}, {"model": "admin.logentry", "pk": 32, "fields": {"action_time": "2021-06-16T11:20:56.804Z", "user": 1, "content_type": 14, "object_id": "20", "object_repr": "Red Heart", "action_flag": 1, "change_message": "[{\"added\": {}}]"}}, {"model": "admin.logentry", "pk": 33, "fields": {"action_time": "2021-06-16T11:22:24.295Z", "user": 1, "content_type": 14, "object_id": "21", "object_repr": "Blue", "action_flag": 1, "change_message": "[{\"added\": {}}]"}}, {"model": "admin.logentry", "pk": 34, "fields": {"action_time": "2021-06-16T11:23:30.921Z", "user": 1, "content_type": 14, "object_id": "22", "object_repr": "Feather", "action_flag": 1, "change_message": "[{\"added\": {}}]"}}, {"model": "admin.logentry", "pk": 35, "fields": {"action_time": "2021-06-16T17:28:53.033Z", "user": 1, "content_type": 13, "object_id": "1", "object_repr": "tribal_bracelets", "action_flag": 2, "change_message": "[{\"changed\": {\"fields\": [\"Name\"]}}]"}}, {"model": "admin.logentry", "pk": 36, "fields": {"action_time": "2021-06-16T17:29:19.598Z", "user": 1, "content_type": 13, "object_id": "2", "object_repr": "tribal_necklaces", "action_flag": 2, "change_message": "[{\"changed\": {\"fields\": [\"Name\"]}}]"}}, {"model": "admin.logentry", "pk": 37, "fields": {"action_time": "2021-06-16T17:30:27.424Z", "user": 1, "content_type": 13, "object_id": "3", "object_repr": "tribal_rings", "action_flag": 2, "change_message": "[{\"changed\": {\"fields\": [\"Name\"]}}]"}}, {"model": "admin.logentry", "pk": 38, "fields": {"action_time": "2021-06-16T17:30:37.320Z", "user": 1, "content_type": 13, "object_id": "4", "object_repr": "bracelets", "action_flag": 2, "change_message": "[{\"changed\": {\"fields\": [\"Name\"]}}]"}}, {"model": "admin.logentry", "pk": 39, "fields": {"action_time": "2021-06-16T17:30:46.543Z", "user": 1, "content_type": 13, "object_id": "5", "object_repr": "necklaces", "action_flag": 2, "change_message": "[{\"changed\": {\"fields\": [\"Name\"]}}]"}}, {"model": "admin.logentry", "pk": 40, "fields": {"action_time": "2021-06-16T17:30:55.632Z", "user": 1, "content_type": 13, "object_id": "6", "object_repr": "earrings", "action_flag": 2, "change_message": "[{\"changed\": {\"fields\": [\"Name\"]}}]"}}, {"model": "admin.logentry", "pk": 41, "fields": {"action_time": "2021-06-16T17:31:06.241Z", "user": 1, "content_type": 13, "object_id": "7", "object_repr": "tribal earrings", "action_flag": 2, "change_message": "[{\"changed\": {\"fields\": [\"Name\"]}}]"}}, {"model": "admin.logentry", "pk": 42, "fields": {"action_time": "2021-06-16T17:31:23.121Z", "user": 1, "content_type": 13, "object_id": "8", "object_repr": "boho_earrings", "action_flag": 2, "change_message": "[{\"changed\": {\"fields\": [\"Name\"]}}]"}}, {"model": "admin.logentry", "pk": 43, "fields": {"action_time": "2021-06-16T17:31:33.219Z", "user": 1, "content_type": 13, "object_id": "7", "object_repr": "tribal_earrings", "action_flag": 2, "change_message": "[{\"changed\": {\"fields\": [\"Name\"]}}]"}}, {"model": "admin.logentry", "pk": 44, "fields": {"action_time": "2021-06-16T17:31:51.972Z", "user": 1, "content_type": 13, "object_id": "9", "object_repr": "chain_necklaces", "action_flag": 2, "change_message": "[{\"changed\": {\"fields\": [\"Name\"]}}]"}}, {"model": "auth.user", "pk": 1, "fields": {"password": "pbkdf2_sha256$260000$4kN0ywF5QJpc9ZDa2yijSl$p1NLjnfxYKHZhM3+uhbc4HjFxza42FXd6KJxZ0aa8n0=", "last_login": "2021-06-28T15:38:57.963Z", "is_superuser": true, "username": "djangolaura", "first_name": "", "last_name": "", "email": "lauroslapai1@gmail.com", "is_staff": true, "is_active": true, "date_joined": "2021-06-09T13:04:01.811Z", "groups": [], "user_permissions": []}}, {"model": "auth.user", "pk": 2, "fields": {"password": "pbkdf2_sha256$260000$D2VlLHh0c8AJ3FggY2b6uE$BwDLuHklM1uKsv+mmWtIRILTS/lCNWqO06woVa809K8=", "last_login": null, "is_superuser": false, "username": "djangoLauris", "first_name": "", "last_name": "", "email": "lauris.kubilius@gmail.com", "is_staff": false, "is_active": true, "date_joined": "2021-06-25T16:50:39.443Z", "groups": [], "user_permissions": []}}, {"model": "sessions.session", "pk": "1x5rycfdavlt4qj0hlo5t3rvljpfxo9s", "fields": {"session_data": ".eJxVjEEOwiAQRe_C2hCYEuh06d4zENoZLGrAQJtojHfXJl3o9r_330v4sC6zXxtXn0gMQovD7zaG6cp5A3QJ-VzkVPJS0yg3Re60yVMhvh139y8whzZ_3y72EEcXYwdKKwDLFpG0JTSMxpJT2HNEozUbAje5DtAFRxBZAXf9Fm3cWirZ8-Oe6lMM6v0BZmk-cw:1lxpfx:8KitEAsUtDDBOn5tTj4V5oO7zIx70HTofu4OpNRRgnE", "expire_date": "2021-07-12T11:43:41.174Z"}}, {"model": "sessions.session", "pk": "bkvimspjv14kz8xsz50rn6ijhrm7at5m", "fields": {"session_data": "eyJiYWciOnsiMTgiOnsiaXRlbXNfYnlfc2l6ZSI6eyJtIjoxfX19fQ:1lvKKQ:U960ZQM5GdULncH3MsMgu-S_HS3d3uWPvGxwwl5D2fc", "expire_date": "2021-07-05T13:51:06.441Z"}}, {"model": "sessions.session", "pk": "r3inr1jc0ryvvtkww0pq4e0x1p2t1ph2", "fields": {"session_data": ".eJxVjDEOgzAMRe_iuYoSE8WYsXvPgBLsAG0FEoEJcfcWiYX1v_f-Din20OzHA9q4rUO7FV3aUaABB7ctxe6j0wnkHad-Nt08rcuYzKmYixbzmkW_z8u9HQyxDP-aco05Uc4VWmcRgwZmcUHYK_sgZLnWzN459YLUUYVMkQSzWtSqhuMHuUk6Ag:1lxuHi:2IIWJlmRaAGDY3RGgrBErwbbzC5YZ4LSII4YLWx9Grc", "expire_date": "2021-07-12T16:38:58.626Z"}}, {"model": "sites.site", "pk": 1, "fields": {"domain": "leafjewellery.example.com", "name": "Leaf Jewellery"}}, {"model": "account.emailaddress", "pk": 1, "fields": {"user": 1, "email": "lauroslapai1@gmail.com", "verified": true, "primary": true}}, {"model": "account.emailaddress", "pk": 2, "fields": {"user": 2, "email": "lauris.kubilius@gmail.com", "verified": false, "primary": true}}, {"model": "products.category", "pk": 1, "fields": {"name": "tribal_bracelets", "friendly_name": "Tribal Bracelets"}}, {"model": "products.category", "pk": 2, "fields": {"name": "tribal_necklaces", "friendly_name": "Tribal Necklaces"}}, {"model": "products.category", "pk": 3, "fields": {"name": "tribal_rings", "friendly_name": "Tribal Rings"}}, {"model": "products.category", "pk": 4, "fields": {"name": "bracelets", "friendly_name": "Bracelets"}}, {"model": "products.category", "pk": 5, "fields": {"name": "necklaces", "friendly_name": "Necklaces"}}, {"model": "products.category", "pk": 6, "fields": {"name": "earrings", "friendly_name": "Earrings"}}, {"model": "products.category", "pk": 7, "fields": {"name": "tribal_earrings", "friendly_name": "Tribal Earrings"}}, {"model": "products.category", "pk": 8, "fields": {"name": "boho_earrings", "friendly_name": "Boho Earrings"}}, {"model": "products.category", "pk": 9, "fields": {"name": "chain_necklaces", "friendly_name": "Chain Necklaces"}}, {"model": "products.product", "pk": 1, "fields": {"category": 1, "sku": "Bra/Tr-GrOnNu", "name": "Tribal Bracelet Green", "description": "Natural stone and Tibetan silver.", "price": "25.99", "has_sizes": true, "rating": "10.00", "image_url": null, "image": "bracelet5_UklkZ6Q.jpg"}}, {"model": "products.product", "pk": 2, "fields": {"category": 1, "sku": "Bra/Tr-GrOnNu", "name": "Tribal Bracelet Gray", "description": "Natural stone and Tibetan silver.", "price": "25.99", "has_sizes": true, "rating": "10.00", "image_url": null, "image": "Bracelet1_YeL6lOI.jpg"}}, {"model": "products.product", "pk": 3, "fields": {"category": 1, "sku": "Bra/Tr-BlOnNu", "name": "Tribal Bracelet Blue", "description": "Natural stone and Tibetan silver.", "price": "25.99", "has_sizes": true, "rating": "10.00", "image_url": null, "image": "bracelet2_gqZxitG.jpg"}}, {"model": "products.product", "pk": 4, "fields": {"category": 4, "sku": "Bra/Br-BlOnNu", "name": "Bracelet Blue", "description": "Natural stone and Tibetan silver.", "price": "25.99", "has_sizes": true, "rating": "10.00", "image_url": null, "image": "bracelet3_RzV494Z.jpg"}}, {"model": "products.product", "pk": 5, "fields": {"category": 4, "sku": "Bra/Br-BlOnNu", "name": "Black White", "description": "Natural stone and Tibetan silver.", "price": "25.99", "has_sizes": true, "rating": "10.00", "image_url": null, "image": "bracelet4_Ry7AT1J.jpg"}}, {"model": "products.product", "pk": 6, "fields": {"category": 4, "sku": "Bra/Br-GrOnNu", "name": "Grey Stone", "description": "Natural stone and Tibetan silver", "price": "28.99", "has_sizes": true, "rating": "10.00", "image_url": null, "image": "bracelet6_DJ4WXFk.jpg"}}, {"model": "products.product", "pk": 7, "fields": {"category": 4, "sku": "Bra/Br-ReOnNu", "name": "Red Heart", "description": "Natural stone and Tibetan silver.", "price": "24.99", "has_sizes": true, "rating": "10.00", "image_url": null, "image": "bracelet7_93nUhRH.jpg"}}, {"model": "products.product", "pk": 8, "fields": {"category": 4, "sku": "Bra/Br-YeOnNu", "name": "Yellow", "description": "Natural stone and Tibetan silver.", "price": "22.99", "has_sizes": true, "rating": "10.00", "image_url": null, "image": "bracelet8_wRDY0EJ.jpg"}}, {"model": "products.product", "pk": 9, "fields": {"category": 1, "sku": "Br/Tr-GrOnNu", "name": "Grey Sun", "description": "Natural Stone and Tibetan Silver.", "price": "29.99", "has_sizes": true, "rating": "10.00", "image_url": null, "image": "bracelet9_Wez5ffq.jpg"}}, {"model": "products.product", "pk": 10, "fields": {"category": 8, "sku": "Ear/Bo-StOnNu", "name": "Stone", "description": "Natural stone and Tibetan silver.", "price": "35.99", "has_sizes": true, "rating": "10.00", "image_url": null, "image": "earrings_OaKOi4o.jpg"}}, {"model": "products.product", "pk": 11, "fields": {"category": 7, "sku": "Ear/Tr-BlOnNu", "name": "Blue", "description": "Wood, Stone and silver.", "price": "17.99", "has_sizes": true, "rating": "10.00", "image_url": null, "image": "earrings2_eV9PrHY.jpg"}}, {"model": "products.product", "pk": 12, "fields": {"category": 6, "sku": "Ear/Ea-ReOnNu", "name": "Red", "description": "Coral, stone and silver.", "price": "22.99", "has_sizes": true, "rating": "10.00", "image_url": null, "image": "earrings3_53pyB9h.jpg"}}, {"model": "products.product", "pk": 13, "fields": {"category": 7, "sku": "Ear/Tr-AsOnNu", "name": "Assimetric", "description": "Stone and silver.", "price": "19.99", "has_sizes": true, "rating": "10.00", "image_url": null, "image": "earrings5_CcoLqLh.jpg"}}, {"model": "products.product", "pk": 14, "fields": {"category": 8, "sku": "Ear/Bo-AsOnNu", "name": "Assimetric Blue", "description": "Wood, stone and silver.", "price": "16.99", "has_sizes": true, "rating": "10.00", "image_url": null, "image": "earrings6_x0MiiH8.jpg"}}, {"model": "products.product", "pk": 15, "fields": {"category": 8, "sku": "Ear/Bo-BlOnNu", "name": "Boho Blue", "description": "Wood and Tibetan silver.", "price": "13.99", "has_sizes": true, "rating": "10.00", "image_url": null, "image": "earrings8_UjvhAJ0.jpg"}}, {"model": "products.product", "pk": 16, "fields": {"category": 8, "sku": "Ear/Bo-ReOnNu", "name": "Boho Red", "description": "Wood and Tibetan silver.", "price": "13.99", "has_sizes": true, "rating": "10.00", "image_url": null, "image": "earrings9_sY41BcI.jpg"}}, {"model": "products.product", "pk": 17, "fields": {"category": 6, "sku": "Ear/Ea-LoOnNu", "name": "Long Yellow", "description": "Coral, metallic details.", "price": "11.99", "has_sizes": true, "rating": "10.00", "image_url": null, "image": "earrings10_6oIeznA.jpg"}}, {"model": "products.product", "pk": 18, "fields": {"category": 6, "sku": "Ear/Ea-BiOnNu", "name": "Bird", "description": "Tibetan silver and glass details.", "price": "12.99", "has_sizes": true, "rating": "10.00", "image_url": null, "image": "earrings11_5dTEcTX.jpg"}}, {"model": "products.product", "pk": 19, "fields": {"category": 5, "sku": "Nec/Ne-BrOnNu", "name": "Brown", "description": "Stone, glass, silver, leather.", "price": "22.99", "has_sizes": true, "rating": "10.00", "image_url": null, "image": "necklace_syeHKPN.jpg"}}, {"model": "products.product", "pk": 20, "fields": {"category": 2, "sku": "Nec/Tr-ReOnNu", "name": "Red Heart", "description": "Stone, leather, silver", "price": "23.99", "has_sizes": true, "rating": "10.00", "image_url": null, "image": "necklace1_7dFwZ7N.jpg"}}, {"model": "products.product", "pk": 21, "fields": {"category": 2, "sku": "Nec/Tr-BlOnNu", "name": "Blue", "description": "Glass details, stone, silver.", "price": "27.99", "has_sizes": true, "rating": "10.00", "image_url": null, "image": "necklace2_ZIe9N5h.jpg"}}, {"model": "products.product", "pk": 22, "fields": {"category": 2, "sku": "Nec/Tr-FeOnNu", "name": "Feather", "description": "Stone, glass details, silver.", "price": "22.99", "has_sizes": true, "rating": "10.00", "image_url": null, "image": "necklace3_N4BMsyv.jpg"}}, {"model": "checkout.order", "pk": 1, "fields": {"order_number": "62A528163BC64A4D91354D8039DCD710", "user_profile": null, "full_name": "krak", "email": "krak@gmail.com", "phone_number": "+1-541-754-3010", "country": "US", "postcode": "87556kk", "town_or_city": "NY", "street_address1": "klmn", "street_address2": "klmn", "county": "klmn", "date": "2021-06-21T14:05:05.099Z", "delivery_cost": "0.00", "order_total": "79.96", "grand_total": "79.96", "original_bag": "", "stripe_pid": ""}}, {"model": "checkout.order", "pk": 2, "fields": {"order_number": "AFFF0A7A991E4C3EB735BB757463A1D7", "user_profile": null, "full_name": "kgghv", "email": "klmn@yahoooo.com", "phone_number": "+1-202-555-0140", "country": "US", "postcode": "223322", "town_or_city": "anywhere", "street_address1": "anywhere", "street_address2": null, "county": "anywhere", "date": "2021-06-21T14:52:22.692Z", "delivery_cost": "0.00", "order_total": "51.98", "grand_total": "51.98", "original_bag": "", "stripe_pid": ""}}, {"model": "checkout.order", "pk": 3, "fields": {"order_number": "3B5313B68F604B6CAADD4FDE7E66C1C0", "user_profile": 1, "full_name": "Laura Kubile", "email": "lauroslapai1@gmail.com", "phone_number": "+1-541-754-3010", "country": "US", "postcode": "99577-0727", "town_or_city": "Manchester", "street_address1": "102 Baguley Crescent", "street_address2": null, "county": "United States", "date": "2021-06-25T15:20:00.471Z", "delivery_cost": "2.60", "order_total": "25.99", "grand_total": "28.59", "original_bag": "{\"5\": {\"items_by_size\": {\"m\": 1}}}", "stripe_pid": "pi_1J6Gm3JQBLNALhKDEqBVU1Hq"}}, {"model": "checkout.order", "pk": 4, "fields": {"order_number": "2A60EBB0FA074C2BBBD0BF57A987AB8E", "user_profile": 1, "full_name": "laura", "email": "lauroslapai1@gmail.com", "phone_number": "+1-541-754-3010", "country": "US", "postcode": "99577-0727", "town_or_city": "Manchester", "street_address1": "102 Baguley Crescent", "street_address2": null, "county": "United States", "date": "2021-06-25T17:10:50.792Z", "delivery_cost": "2.60", "order_total": "25.99", "grand_total": "28.59", "original_bag": "{\"2\": {\"items_by_size\": {\"m\": 1}}}", "stripe_pid": "pi_1J6IXYJQBLNALhKDic5y9dTA"}}, {"model": "checkout.order", "pk": 5, "fields": {"order_number": "A9505B9A51974DDA9EB01EEE193D79DB", "user_profile": 1, "full_name": "laura", "email": "lauroslapai1@gmail.com", "phone_number": "+1-541-754-3010", "country": "US", "postcode": "99577-0727", "town_or_city": "Manchester", "street_address1": "102 Baguley Crescent", "street_address2": null, "county": "United States", "date": "2021-06-27T12:32:14.810Z", "delivery_cost": "4.00", "order_total": "39.98", "grand_total": "43.98", "original_bag": "{\"3\": {\"items_by_size\": {\"m\": 1}}, \"16\": {\"items_by_size\": {\"m\": 1}}}", "stripe_pid": "pi_1J6x9FJQBLNALhKDTmM9kL4E"}}, {"model": "checkout.orderlineitem", "pk": 1, "fields": {"order": 1, "product": 13, "product_size": "m", "quantity": 3, "lineitem_total": "59.97"}}, {"model": "checkout.orderlineitem", "pk": 2, "fields": {"order": 1, "product": 13, "product_size": "s", "quantity": 1, "lineitem_total": "19.99"}}, {"model": "checkout.orderlineitem", "pk": 3, "fields": {"order": 2, "product": 4, "product_size": "m", "quantity": 2, "lineitem_total": "51.98"}}, {"model": "checkout.orderlineitem", "pk": 4, "fields": {"order": 3, "product": 5, "product_size": "m", "quantity": 1, "lineitem_total": "25.99"}}, {"model": "checkout.orderlineitem", "pk": 5, "fields": {"order": 4, "product": 2, "product_size": "m", "quantity": 1, "lineitem_total": "25.99"}}, {"model": "checkout.orderlineitem", "pk": 6, "fields": {"order": 5, "product": 3, "product_size": "m", "quantity": 1, "lineitem_total": "25.99"}}, {"model": "checkout.orderlineitem", "pk": 7, "fields": {"order": 5, "product": 16, "product_size": "m", "quantity": 1, "lineitem_total": "13.99"}}, {"model": "comments.comment", "pk": 1, "fields": {"name": "Laura Kubiliene", "email": "lauroslapai1@gmail.com", "content": "hello Nasty"}}, {"model": "comments.comment", "pk": 2, "fields": {"name": "Laura Kubiliene", "email": "lauroslapai1@gmail.com", "content": "hello nasty"}}, {"model": "comments.comment", "pk": 3, "fields": {"name": "Laura Kubiliene", "email": "lauroslapai1@gmail.com", "content": "blablabla"}}, {"model": "profiles.userprofile", "pk": 1, "fields": {"user": 1, "default_phone_number": "+1-541-754-3010", "default_street_address1": "102 Baguley Crescent", "default_street_address2": null, "default_town_or_city": "Manchester", "default_county": "United States", "default_postcode": "99577-0727", "default_country": "US"}}, {"model": "profiles.userprofile", "pk": 2, "fields": {"user": 2, "default_phone_number": null, "default_street_address1": null, "default_street_address2": null, "default_town_or_city": null, "default_county": null, "default_postcode": null, "default_country": null}}, {"model": "reviews.review", "pk": 1, "fields": {"product_name": "kj\\gsdahj", "content": "kjhdfsjdn"}}, {"model": "reviews.review", "pk": 2, "fields": {"product_name": "red or blue hahaha", "content": "funny stuff"}}]